term,coef,std_err,t_value,p_value,R_squared,n
Intercept,1.84519148936171,1.6791394986308843,1.098891123022369,0.3520973498505945,0.9916220842129236,6
occupancy,0.0019131914893616541,0.0002022185685821235,9.461007971603177,0.0025030060844424885,0.9916220842129236,6
concurrent,0.1271489361702045,1.2697689463060455,0.10013549042926309,0.9265534106664681,0.9916220842129236,6
