time_slot,N_pick,T_find_mean,duration_h,lambda,c,mu_theory,mu_data
08:00-10:00,850,3.5,2.0,425.0,3,60.0,164.44444444444446
10:00-12:00,1500,4.8,2.0,750.0,3,60.0,164.44444444444446
12:00-14:00,620,3.2,2.0,310.0,3,60.0,164.44444444444446
14:00-16:00,780,3.6,2.0,390.0,3,60.0,164.44444444444446
16:00-18:00,1650,5.2,2.0,825.0,3,60.0,164.44444444444446
18:00-20:00,520,3.0,2.0,260.0,3,60.0,164.44444444444446
