time_slot,N_pick,T_find_mean,duration_h,lambda,c,mu_theory,mu_data,T_find_new,lambda_new,c_manual,c_new,mu_new
08:00-10:00,850,3.5,2.0,425.0,3,60.0,164.44444444444446,2.6775,467.50000000000006,4.0,6.0,219.25925925925927
10:00-12:00,1500,4.8,2.0,750.0,3,60.0,164.44444444444446,3.6719999999999997,675.0,5.0,7.0,211.42857142857142
12:00-14:00,620,3.2,2.0,310.0,3,60.0,164.44444444444446,2.4480000000000004,341.0,4.0,6.0,219.25925925925927
14:00-16:00,780,3.6,2.0,390.0,3,60.0,164.44444444444446,2.754,429.00000000000006,4.0,6.0,219.25925925925927
16:00-18:00,1650,5.2,2.0,825.0,3,60.0,164.44444444444446,3.978,742.5,5.0,7.0,211.42857142857142
18:00-20:00,520,3.0,2.0,260.0,3,60.0,164.44444444444446,2.295,286.0,4.0,6.0,219.25925925925927
