scenario,solution_id,f1_cost,f2_Ttotal_mean,SL10_day,benefit_per_cost,notes,x1,x2,x3,x4,x5,x6
A,47,120000.0,3.520646353910206,1.0,0.00011958972939577824,理论最优（无预算约束）,1,0,1,1,1,1
B,49,49000.0,11.188828851938071,0.7210341400931339,0.0001363792863156229,达不到目标 SL10。,1,1,0,0,0,1
C,19,59000.0,4.866736141015258,0.9994074178859416,0.000220418266786243,单位成本效益优先,0,1,0,0,1,1
C,51,64000.0,4.230579046420663,0.9997899865558584,0.0002131380442966083,单位成本效益优先,1,1,0,0,1,1
C,23,71000.0,4.442631411285528,0.9997032551633768,0.00018913778126926852,单位成本效益优先,0,1,0,1,1,1
